index,fB_median_Thorax,Ti_median_Thorax,Te_median_Thorax,duty_median_Thorax,fBmedian_Abdomen,Ti_median_Abdomen,Te_median_Abdomen,duty_median_Abdomen,fB_median_Tot,Ti_median_Tot,Te_median_Tot,duty_median_Tot,activity
0,17.647058823529413,1.15,2.1500000000000004,0.35714285714285715,17.647058823529413,1.4,1.9,0.48,17.394957983193276,1.2,1.95,0.3892773892773893,lying_right
300,17.647058823529413,1.3,2.1,0.393939393939394,17.15686274509804,1.4,2.0,0.4714285714285714,17.64705882352941,1.1,2.4,0.34210526315789475,lying_right
600,17.647058823529413,1.3,1.9,0.41666666666666663,16.904761904761905,1.6,1.6,0.48749218261413385,18.181818181818183,1.2,1.7999999999999998,0.4191919191919192,lying_right
