indexes,fB_median_Tot,Ti_median_Tot,Te_median_Tot,duty_median_Tot
0,17.394957983193276,1.2,1.95,0.3892773892773893
300,17.64705882352941,1.1,2.4,0.34210526315789475
600,18.181818181818183,1.2,1.7999999999999998,0.4191919191919192
