index,fB_median_Thorax,Ti_median_Thorax,Te_median_Thorax,duty_median_Thorax,fBmedian_Abdomen,Ti_median_Abdomen,Te_median_Abdomen,duty_median_Abdomen,fB_median_Tot,Ti_median_Tot,Te_median_Tot,duty_median_Tot,activity
0,29.28571428571429,1.0,0.95,0.5,17.142857142857142,1.6,2.0,0.4444444444444445,18.465909090909093,1.2999999999999998,1.6,0.4266891891891892,sitting
300,16.666666666666668,1.9,1.3,0.5576923076923077,17.142857142857142,1.6,2.2,0.42424242424242425,17.142857142857142,1.4,1.6,0.48387096774193544,sitting
600,16.666666666666668,1.5,1.25,0.5645604395604396,16.904761904761905,1.45,2.1,0.42424242424242425,17.394957983193276,1.5,1.45,0.5169540229885058,sitting
900,16.666666666666668,1.5,1.3,0.5599999999999999,16.666666666666668,1.45,2.0,0.42424242424242425,17.64705882352941,1.5,1.4,0.55,sitting
1200,16.666666666666668,1.6,1.2,0.5714285714285714,16.904761904761905,1.45,2.0,0.4246212121212121,17.394957983193276,1.5,1.4,0.5532879818594103,sitting
1500,17.142857142857142,1.5,1.3,0.5599999999999999,16.904761904761905,1.6,1.95,0.4246212121212121,17.142857142857142,1.55,1.4,0.5532879818594103,sitting
1800,17.64705882352941,1.6,1.2,0.5599999999999999,16.666666666666668,1.6,1.9,0.48148148148148145,15.384615384615387,2.3499999999999996,1.5,0.6285714285714287,sitting
